{"47": {"x": -574.0693097795759, "y": 1602.5966796875}, "304": {"x": 63.065717152186835, "y": 1621.7913818359375}}